OutboundNameAddress [name=Liza, address=357 New York, Chelsea, MF67JJ]
OutboundNameAddress [name=Bia, address=357 New York, Chelsea, MF67JJ]
OutboundNameAddress [name=Rob, address=357 New York, Chelsea, MF67JJ]
OutboundNameAddress [name=Rob, address=357 New York, Chelsea, MF67JJ]
OutboundNameAddress [name=Rob, address=357 New York, Chelsea, MF67JJ]
OutboundNameAddress [name=Bia, address=357 New York, Chelsea, MF67JJ]
OutboundNameAddress [name=Beatriz, address=357 New York, Chelsea, MF67JJ]
OutboundNameAddress [name=Bea, address=357 New York, Chelsea, MF67JJ]
OutboundNameAddress [name=Bea, address=357 New York, Chelsea, MF67JJ]
OutboundNameAddress [name=Rob, address=357 New York, Chelsea, MF67JJ]
OutboundNameAddress [name=Arthur, address=357 New York, Chelsea, MF67JJ]
OutboundNameAddress [name=Arthur, address=357 New York, Chelsea, MF67JJ]
